{"cameraMode":{"drawMode":0,"name":"Shaded","section":"Shading Mode"},"sceneLighting":false,"audioPlay":false,"sceneViewState":{"m_AlwaysRefresh":true,"showFog":true,"showSkybox":false,"showFlares":true,"showImageEffects":true,"showParticleSystems":true,"showVisualEffectGraphs":true,"m_FxEnabled":true},"in2DMode":false,"pivot":{"x":-0.6000000238418579,"y":0.5964999198913574,"z":0.6749999523162842},"rotation":{"x":-0.01781417615711689,"y":-0.9256887435913086,"z":0.04390469565987587,"w":-0.37533000111579897},"size":1.947546362876892,"orthographic":false}